month,year,HH_A,HH_B,HH_F,HH_E,HH_D,HH_C,LL_C,LL_B,LL_D,LL_A
lat,na,51.1128,51.089,59.0774,59.3628,55.844,55.6063,57.0803,52.8483,57.5558,51.4218
lon,na,-5.89049,-11.6441,-12.3336,-6.62752,-13.5937,-8.10159,-14.5684,-13.8076,-7.2219,-10.0987
jun,82,0.225327833,0.614324167,-0.235719,-0.791346167,0.600491667,0.503255833,0.029384833,0.248069667,0.616066333,-0.241625333
jul,82,0.159682667,0.694109167,-0.030020167,-0.515271,0.610437833,0.779923167,0.283094333,0.529468333,0.705904333,0.0666545
aug,82,0.162184667,0.654593,0.054799333,-0.364005,0.5866955,0.852978,0.412376167,0.669927333,0.703404333,0.102750833
sep,82,-0.007394167,0.449159333,0.011200833,-0.2500145,0.460675667,0.701203833,0.381377833,0.762509667,0.641356,0.056906667
oct,82,-0.124602167,0.339872667,-0.051105667,-0.141528833,0.369182833,0.5742845,0.218162833,0.6160455,0.4621265,-0.216342167
nov,82,-0.092638,0.181333333,-0.195838667,-0.028734833,0.251043,0.518829167,0.102465667,0.599909333,0.392502833,-0.38062
dec,82,-0.076432,0.039790333,-0.382095,-0.228914,0.1153565,0.173308833,-0.130244,0.3524685,0.244886333,-0.640982
jan,83,-0.027184833,-0.127252667,-0.659998167,-0.387247333,-0.076847833,-0.115670333,-0.439222333,0.209994667,0.084940833,-0.865014333
feb,83,0.025670333,-0.085772167,-0.753746167,-0.53393,-0.141498333,-0.311403833,-0.6644565,0.0453095,-0.026547333,-1.021705167
mar,83,0.146593333,0.049392833,-0.748911167,-0.659372167,-0.117790333,-0.205489833,-0.652006667,-0.169154667,0.022329,-1.146506833
apr,83,0.228134667,0.071901833,-0.7564935,-0.860802333,-0.137130833,-0.222459333,-0.678847167,-0.230912667,0.0506695,-1.1233135
may,83,0.228858667,0.067806833,-0.688857333,-1.051015167,-0.135388833,-0.234100833,-0.6700855,-0.3479485,-0.033255167,-1.188927333
jun,83,0.100208167,0.057183167,-0.7426005,-1.087224833,-0.278591333,-0.149414333,-0.685431333,-0.312007667,0.009250167,-1.089954167
jul,83,-0.106566333,0.028796,-0.670396167,-1.073999,-0.263860167,0.070908167,-0.484409833,0.113261167,0.222422333,-0.712856667
aug,83,-0.296357,-0.132254333,-0.629712667,-0.985058167,-0.1453925,0.416212,-0.110305333,0.54972,0.588857167,-0.107348333
sep,83,-0.344502167,-0.327197,-0.608603333,-0.8546715,-0.1262115,0.3848535,-0.160144,0.546795333,0.520314167,-0.070825
oct,83,-0.408409,-0.433362,-0.590859667,-0.694101667,-0.044398,0.407683167,-0.1137875,0.665542667,0.614446833,-0.013266667
nov,83,-0.450299667,-0.4162115,-0.612940333,-0.536277833,-0.035362167,0.424158,-0.0339935,0.777634,0.820927,0.124347167
dec,83,-0.330305,-0.300964167,-0.449519667,-0.390498333,0.207410333,0.436622167,0.075438333,0.795617833,0.978852,0.170642833
jan,84,-0.252885333,-0.284566333,-0.441509,-0.381251,0.286442667,0.314848,-0.054723,0.427338167,0.836593833,-0.193228833
feb,84,-0.160050667,-0.174101,-0.583309167,-0.4656835,0.142199167,-0.053891833,-0.382862833,0.0237365,0.5250955,-0.631219333
mar,84,-0.092335667,-0.037868,-0.557859333,-0.579941833,0.152211667,0.0070365,-0.344207,0.063166667,0.573047167,-0.5653765
apr,84,-0.004373333,0.140574667,-0.542214167,-0.673011667,0.162787,0.134595667,-0.303174667,0.056586,0.634359,-0.5231015
may,84,0.067463667,0.3038005,-0.398950667,-0.707341333,0.321815667,0.332960167,-0.1616245,0.034118333,0.6828785,-0.437329
jun,84,-0.0055865,0.293997667,-0.450094167,-0.7717875,0.171709833,0.408384833,-0.159000833,0.0771345,0.495509,-0.529124667
jul,84,0.123876,0.444105167,-0.357567333,-0.660766,0.163860333,0.552579,-0.045775,0.282349167,0.607337167,-0.309286
aug,84,0.252761667,0.5550915,-0.057111167,-0.444344333,0.371167833,0.911802167,0.138602167,0.689339167,0.726147167,-0.158285
sep,84,0.279157833,0.541914,0.078550167,-0.299086,0.538599167,0.9860405,0.425113,0.902631167,0.905862167,-0.045738333
oct,84,0.207862167,0.459546667,0.074302833,-0.209725833,0.525120667,0.886545833,0.506715167,0.954910667,0.849442833,-0.065539333
nov,84,0.163803,0.306543,-0.077682833,-0.205896167,0.393703,0.631070333,0.269165,1.0096005,0.6950345,-0.208367333
dec,84,0.2151865,0.262636167,-0.093152333,-0.171019833,0.4677335,0.486613333,0.195466,0.9138425,0.715091833,-0.233668333
jan,85,0.2044875,0.176023333,-0.210034,-0.280482167,0.463325,0.2466665,0.019390833,0.575348333,0.506382,-0.533130333
feb,85,0.102796,-0.002354167,-0.448183,-0.516708833,0.25596,-0.168465833,-0.182974833,0.148358333,0.372338,-0.785161833
mar,85,0.095378333,0.089586667,-0.597769,-0.707988833,0.121808167,-0.320876167,-0.463195333,-0.058535833,0.1649885,-0.896902
apr,85,0.1922295,0.137565167,-0.5434105,-0.852127333,0.111953333,-0.344214833,-0.544353,-0.118482,0.140907833,-0.811934333
may,85,0.192794,0.1754075,-0.468467833,-0.991977833,0.1436935,-0.354008833,-0.464007167,-0.154569833,0.108327167,-0.711418167
jun,85,0.1714105,0.215758667,-0.469498333,-1.068632,0.1056075,-0.317163,-0.4186415,-0.171811833,0.060881,-0.734839333
jul,85,0.118776167,0.280006,-0.4285305,-1.038847167,0.012435333,-0.234044667,-0.375953333,-0.059661333,0.044590667,-0.692527833
aug,85,0.084715,0.332523167,-0.374790167,-0.945738667,-0.0405755,-0.166976667,-0.469825,-0.214178,-0.176150333,-0.952216833
sep,85,-0.143923,0.174971167,-0.454204167,-0.8277365,-0.2157565,-0.190121833,-0.572771167,-0.2854505,-0.333800833,-1.132087833
oct,85,-0.286258,0.1252185,-0.490283,-0.638759167,-0.278912333,-0.112535833,-0.571559667,-0.2106655,-0.291978333,-1.1088835
nov,85,-0.350155833,0.048320667,-0.578336833,-0.512130833,-0.362819167,-0.093241833,-0.640127833,-0.238244333,-0.221564333,-1.100566333
dec,85,-0.395224,-0.038052,-0.606983667,-0.5389175,-0.404733167,-0.140625333,-0.687375167,-0.230841167,-0.1308385,-1.0034355
jan,86,-0.369740167,-0.114557333,-0.699456833,-0.662734833,-0.309034167,-0.2490125,-0.720869833,-0.266970167,-0.046591167,-0.974833333
feb,86,-0.363417167,-0.138562667,-0.809625833,-0.818343333,-0.272035167,-0.334652,-0.651045833,-0.191441667,0.091114,-0.747881667
mar,86,-0.175048,0.007430167,-0.781932333,-0.9804855,-0.146961667,-0.383818667,-0.598691,-0.300707167,0.1598935,-0.67172
apr,86,-0.1082685,0.036294,-0.835409167,-1.221796167,-0.141917,-0.586404667,-0.7049025,-0.600158833,0.0216265,-0.909424333
may,86,-0.1018975,0.061202667,-0.8989675,-1.3775645,-0.1752145,-0.697687833,-0.800581333,-0.789086,-0.194647667,-1.147634333
jun,86,-0.118829333,0.056075333,-0.943321167,-1.424333333,-0.194078333,-0.735693167,-0.841222833,-0.812544667,-0.399206833,-1.298543
jul,86,-0.143399333,0.119516167,-0.886762,-1.34143,-0.244347167,-0.6721985,-0.790685167,-0.7450715,-0.50168,-1.298274167
aug,86,-0.186227667,0.078360333,-0.833044667,-1.296628333,-0.328819167,-0.637204167,-0.882014167,-0.879255,-0.7350835,-1.583235833
sep,86,-0.284485667,-0.074465833,-0.829738167,-1.283096667,-0.386892667,-0.6325375,-0.927869,-0.873045,-0.824585167,-1.560175833
oct,86,-0.3059965,-0.1565555,-0.7769065,-1.170442,-0.3853245,-0.5333385,-0.8432705,-0.726120333,-0.792716,-1.411718833
nov,86,-0.293312,-0.179075333,-0.7746265,-1.092840333,-0.398471333,-0.477722,-0.8105355,-0.603582,-0.700164,-1.325453833
dec,86,-0.308907,-0.177227667,-0.8229065,-1.067361833,-0.42993,-0.525469333,-0.844195,-0.602865167,-0.588776833,-1.227556
jan,87,-0.337347833,-0.239485667,-0.878336667,-1.152685167,-0.454446167,-0.670254333,-0.976828667,-0.785876,-0.603131667,-1.282986833
feb,87,-0.311245667,-0.104520333,-0.928423,-1.1528435,-0.388724167,-0.624474833,-0.924190167,-0.657525833,-0.322466167,-1.0677885
mar,87,-0.245783333,0.064865,-0.972966,-1.136590167,-0.341941,-0.560163,-0.883657833,-0.503251667,-0.188287,-1.046655167
apr,87,-0.213105833,0.194065667,-1.009631,-1.153078167,-0.297120167,-0.553250833,-0.921312,-0.355565167,-0.188156167,-1.075667667
may,87,-0.220736667,0.251155333,-0.964976333,-1.160841667,-0.261446333,-0.489351167,-0.840337667,-0.276006,-0.129794167,-1.000265667
jun,87,-0.198475,0.239307667,-0.796584667,-1.176320167,-0.153321,-0.373881667,-0.708789333,-0.258834,-0.180348,-1.036052333
jul,87,-0.122561,0.276243,-0.6638965,-1.022932333,-0.109181167,-0.205333333,-0.489757833,0.056381333,-0.0502405,-0.8808365
aug,87,-0.041243833,0.208965833,-0.384240167,-0.952289833,0.061225833,-0.071274167,-0.195191667,0.370181167,0.101458833,-0.712433333
sep,87,-0.052206167,0.099191667,-0.305141667,-0.850654833,0.088387167,0.0053585,-0.0651685,0.578518167,0.256724,-0.590621667
oct,87,-0.143055667,-0.0037725,-0.398422167,-0.773306667,0.035501833,-0.013059167,-0.079611167,0.4527135,0.295786833,-0.593921167
nov,87,-0.149147,0.002415667,-0.448410167,-0.653821,0.079272333,-0.03007,-0.150642167,0.4517655,0.3065915,-0.598044833
dec,87,-0.0716775,0.092973,-0.549813333,-0.536460833,0.127759833,-0.091561,-0.203749667,0.368625667,0.426553833,-0.586236667
jan,88,-0.092268833,0.168457,-0.724974167,-0.592482333,0.085609333,-0.175862,-0.395093833,0.144431833,0.3691345,-0.684677667
feb,88,-0.156258333,0.2017235,-1.000864167,-0.658969833,-0.064576,-0.3139155,-0.690255167,-0.0145465,0.221833833,-0.698687667
mar,88,-0.095134667,0.259132167,-1.024801333,-0.691249833,-0.072973833,-0.417483667,-0.806084833,-0.1451415,0.1159235,-0.672058667
apr,88,0.058659333,0.311596333,-0.9101875,-0.675764167,-0.004144167,-0.317788333,-0.7049755,-0.043336833,0.150916333,-0.539425833
may,88,0.135772167,0.306806,-0.784393,-0.677507833,0.020364833,-0.216906667,-0.607654167,0.043363833,0.129574,-0.496269833
jun,88,0.147747,0.370637667,-0.632934333,-0.635534667,-0.099344833,-0.013582333,-0.479768833,0.271948667,0.171445,-0.243967
jul,88,0.107693167,0.234938667,-0.539762667,-0.5644055,-0.1417105,0.077439167,-0.5464895,0.217271333,-0.013286167,-0.416116833
aug,88,0.113887,0.1943065,-0.483281333,-0.44609,-0.188675667,0.10017,-0.625252833,0.097970333,-0.245985333,-0.69587
sep,88,0.0459855,0.125009,-0.515399667,-0.372698833,-0.2764445,0.0801825,-0.693700333,0.007232,-0.455797167,-1.023554
oct,88,-0.10926,0.047813667,-0.558025,-0.4063565,-0.348069833,-0.013007333,-0.8401325,-0.085002833,-0.578532,-1.2922085
nov,88,-0.115761667,0.026104,-0.544485667,-0.411168333,-0.302134333,-0.0669445,-0.85012,-0.186259167,-0.497912,-1.299309
dec,88,-0.084994667,-0.0065985,-0.583793833,-0.389593,-0.161295667,-0.182526833,-0.917897833,-0.271349333,-0.455643167,-1.4496225
jan,89,-0.005532333,0.148509,-0.531966,-0.308410333,-0.0236075,-0.127741833,-0.733919,-0.101026833,-0.15274,-1.137795167
feb,89,0.0217795,0.302854,-0.465547,-0.181238667,0.040219333,0.089652667,-0.520215167,0.1835725,0.1843105,-0.687494
mar,89,0.056132667,0.462312667,-0.451332,-0.182909,0.170783833,0.2648015,-0.400584833,0.4082355,0.412133,-0.334648667
apr,89,0.189933667,0.582730333,-0.437484333,-0.180751333,0.2437425,0.353547,-0.251763667,0.5636925,0.5340345,-0.0312165
may,89,0.1784785,0.624870167,-0.5042495,-0.211907167,0.164688667,0.430978833,-0.164679333,0.801883667,0.501317667,0.148357
jun,89,0.101322667,0.5449615,-0.562996833,-0.314260333,0.070516667,0.548561167,-0.0732905,0.975473833,0.525382167,0.394948333
jul,89,-0.017602,0.387649667,-0.554287167,-0.406572167,0.037721,0.601410667,0.1050965,1.262624167,0.672102833,0.676131
aug,89,-0.167118167,0.1144875,-0.615437333,-0.533475,-0.013794,0.510629167,0.2102635,1.414045833,0.771504,0.601421
sep,89,-0.3856385,-0.094026833,-0.663540667,-0.453860333,-0.098691833,0.480424833,0.232910333,1.455493833,0.874737,0.6145195
oct,89,-0.490461,-0.163476667,-0.670829333,-0.306555667,-0.099553833,0.488023333,0.230164833,1.48751,0.980254833,0.662593
nov,89,-0.490450333,-0.161672,-0.690730833,-0.181288667,-0.0490555,0.443313667,0.108913833,1.29593,1.013082833,0.451686167
dec,89,-0.371574,-0.117838667,-0.697306167,-0.090387167,0.0292025,0.306860333,-0.029894333,1.1301355,0.958319333,0.191869
jan,90,-0.252649333,0.054258167,-0.766607167,-0.097537667,0.021783167,0.201699,-0.268281333,0.792178667,0.7550395,-0.106356667
feb,90,-0.117002167,0.316230167,-0.808433167,-0.099503833,0.141393333,0.2075995,-0.440472167,0.610339667,0.578555,-0.087301333
mar,90,0.08926,0.526733833,-0.782910333,-0.168258333,0.170108333,0.2244705,-0.498495333,0.505343333,0.506236,-0.022174
apr,90,0.136027,0.6165725,-0.817621167,-0.286007333,0.119859333,0.217316333,-0.546249833,0.446327167,0.3956625,-0.029636333
may,90,0.129295833,0.666327,-0.806698167,-0.281382,0.118662167,0.428961333,-0.325590333,0.747047167,0.466598,0.2629915
jun,90,0.197530667,0.7418825,-0.6107895,-0.231061167,0.187459667,0.622304167,-0.160837667,0.8171745,0.420806,0.275975333
jul,90,0.245380167,0.687635167,-0.465897,-0.160899833,0.243481167,0.768648167,-0.029332333,0.934754667,0.397687833,0.2477495
aug,90,0.291346,0.648942667,-0.325415167,-0.042804667,0.2182795,0.834038,0.038342333,1.077562,0.5079355,0.3379415
sep,90,0.25564,0.553550167,-0.252771833,0.0276165,0.25912,0.817333667,0.090087833,1.156447333,0.525865667,0.298758667
oct,90,0.272313833,0.498872667,-0.215319,0.112139667,0.306143167,0.831907167,0.133648667,1.177667833,0.612084333,0.213102833
nov,90,0.380711667,0.477340333,-0.196575333,0.081347667,0.301840333,0.598428833,-0.059233,0.884281167,0.5648155,-0.018858333
dec,90,0.220917667,0.367215,-0.427376333,-0.011446333,0.160462333,0.351967667,-0.258018,0.719745333,0.571629,-0.06281
jan,91,0.119519833,0.27243,-0.616247333,-0.1930585,0.059655833,0.076483833,-0.440007333,0.465391,0.530499833,-0.1579175
feb,91,0.095577833,0.247312833,-0.752026833,-0.427701833,0.068369333,-0.130751167,-0.516729667,0.076631167,0.4088235,-0.4303715
mar,91,0.172090333,0.3035655,-0.775584167,-0.570219667,0.073120333,-0.230767333,-0.559174167,-0.087953167,0.363850333,-0.5296295
apr,91,0.2244165,0.333909667,-0.755093167,-0.731187333,0.064263833,-0.2595075,-0.646957333,-0.2084515,0.2439095,-0.533695833
may,91,0.0805885,0.255388167,-0.736363667,-0.8839975,-0.006433333,-0.313233333,-0.557086333,-0.190817167,0.1686515,-0.481735167
jun,91,0.0559935,0.245735833,-0.614784833,-0.955259167,0.015889167,-0.230439333,-0.435745833,-0.216503667,0.103004667,-0.469228
jul,91,0.141961333,0.416165833,-0.338655833,-0.737733,0.186104333,0.101227833,-0.341229667,-0.184299333,-0.058930667,-0.605142333
aug,91,0.191602167,0.436229333,-0.165887,-0.457713333,0.219380167,0.335505833,-0.226012667,0.019567833,-0.061555333,-0.4458605
sep,91,0.202089667,0.429032167,-0.0691075,-0.2371955,0.282073667,0.616300333,-0.054346,0.296707667,0.1395295,-0.124935833
oct,91,-0.044323167,0.287935333,-0.181803,-0.135690167,0.140607667,0.582191,-0.07538,0.389625333,0.130438167,-0.171461
nov,91,-0.138884,0.194456833,-0.275199667,-0.108935667,0.131415833,0.531416833,-0.263029333,0.2954355,0.070751667,-0.3797555
dec,91,-0.175633,0.116205833,-0.396939833,-0.059985833,0.118555667,0.401364833,-0.388187,0.3705305,0.031721167,-0.4657035
jan,92,-0.223966333,0.007066167,-0.597262333,-0.187136333,0.028878167,0.144644,-0.381305333,0.4164445,0.218065167,-0.351939667
feb,92,-0.277968833,0.0196115,-0.702014,-0.278202333,0.0132255,0.047369167,-0.4670005,0.384855667,0.233586,-0.367818333
mar,92,-0.355768167,0.034496833,-0.8154065,-0.418021333,-0.078124,-0.140360833,-0.643936,0.132232,0.003146333,-0.626861333
apr,92,-0.141355333,0.190204833,-0.694822,-0.477582167,0.034008667,-0.161140333,-0.625068667,0.040147667,-0.032040167,-0.639780667
may,92,0.016592667,0.432178,-0.6107265,-0.371756,0.111856333,-0.015151167,-0.512473167,0.218531167,-0.0073,-0.476217333
jun,92,0.148952833,0.712096167,-0.356542,-0.174928,0.218161,0.359623,-0.248204333,0.434714,0.136008167,-0.183047
jul,92,0.119329167,0.693279,-0.286972167,-0.123422667,0.236386833,0.509407833,-0.112989167,0.563638667,0.2172985,-0.015950333
aug,92,-0.034947833,0.552615333,-0.346898,-0.168378167,0.094781333,0.4530805,-0.124014333,0.531302833,0.161723833,-0.190771333
sep,92,-0.188648,0.355785667,-0.462117167,-0.175170167,-0.059480333,0.3133655,-0.267578833,0.318759833,-0.0433365,-0.515006667
oct,92,-0.337361333,0.165024,-0.557056667,-0.111738333,-0.124785,0.248553667,-0.347467667,0.262242,-0.1528275,-0.593808333
nov,92,-0.468198333,-0.080560333,-0.712152167,-0.2591755,-0.236743667,0.013952833,-0.535118167,0.002247333,-0.333068167,-0.827148333
dec,92,-0.639967167,-0.374188167,-1.014509333,-0.6154655,-0.414553833,-0.433187,-0.8830965,-0.290172,-0.517989333,-1.158867833
jan,93,-0.710451167,-0.463328,-1.262412,-0.805143167,-0.552618333,-0.691574,-1.149547667,-0.512913833,-0.641537667,-1.304513
feb,93,-0.645145833,-0.514677833,-1.3094915,-0.865390833,-0.493993,-0.7451665,-1.189472833,-0.571963333,-0.617728167,-1.182261833
mar,93,-0.490961833,-0.347256667,-1.2390035,-0.978867,-0.341828,-0.642548167,-1.0883815,-0.377753667,-0.428528,-0.953080333
apr,93,-0.365970833,-0.1284395,-1.149897333,-1.005187833,-0.251079,-0.517291833,-1.0103815,-0.2145135,-0.302203667,-0.820389833
may,93,-0.349918833,-0.000382167,-1.046844833,-0.9511915,-0.183797667,-0.331346833,-0.861548167,0.011233833,-0.132178,-0.564953167
jun,93,-0.432816667,-0.012143833,-1.015709833,-0.853790333,-0.101043167,-0.0872625,-0.644514333,0.1344865,-0.056867833,-0.458289333
jul,93,-0.5300215,-0.139133,-0.986784833,-0.841640333,-0.080774333,-0.022477667,-0.543977167,0.2758305,-0.0735345,-0.499310833
aug,93,-0.626939833,-0.2818685,-1.063738333,-0.8783825,-0.1250985,-0.020551833,-0.545127333,0.299019833,-0.139010667,-0.623980333
sep,93,-0.600902167,-0.394734167,-0.970725833,-0.809850833,-0.025207833,0.031052,-0.392329833,0.280421333,-0.1323225,-0.534105667
oct,93,-0.670516833,-0.602314833,-0.953326167,-0.921756333,-0.033215,-0.122645167,-0.4072115,0.067235167,-0.2091845,-0.603354667
nov,93,-0.559124333,-0.6337055,-0.863600333,-0.943308333,0.0218925,-0.2204785,-0.423378167,-0.149512167,-0.213654,-0.734069667
dec,93,-0.369076,-0.588933,-0.817422833,-1.019742833,0.014460667,-0.405906833,-0.597132,-0.304162667,-0.248749,-0.775571333
jan,94,-0.170150667,-0.480062,-0.751671,-1.044042833,0.074568167,-0.4684875,-0.6751965,-0.408194833,-0.251921167,-0.773582
feb,94,0.021351,-0.256493167,-0.623407833,-1.175692833,0.131570833,-0.5869015,-0.691010667,-0.372396167,-0.217397333,-0.731948167
mar,94,0.054399333,-0.1952405,-0.7118505,-1.372557833,0.029744667,-0.766354833,-0.846818833,-0.292829833,-0.218494167,-0.845317333
apr,94,0.1384585,-0.086493167,-0.7735835,-1.471652833,-0.0226925,-0.8028805,-0.895658833,-0.175588167,-0.1695765,-0.851846
may,94,0.099969333,-0.056177667,-0.872825167,-1.509617,-0.1367785,-0.77623,-0.923363167,-0.0762065,-0.209945667,-0.810485833
jun,94,0.0099765,-0.097505667,-0.943669333,-1.515515333,-0.277068833,-0.7915795,-0.920553167,0.0138885,-0.223517333,-0.835984167
jul,94,-0.0627655,-0.030409,-0.844475667,-1.394440333,-0.384972167,-0.580235333,-0.895391833,0.1363615,-0.288409667,-0.816736833
aug,94,-0.093138,-0.031451667,-0.747146667,-1.244133833,-0.473211333,-0.386713833,-0.902857167,0.163842333,-0.335514167,-0.720629
sep,94,-0.123575167,-0.0214265,-0.643037333,-1.04088,-0.5236075,-0.2168715,-0.898049,0.063276,-0.4385285,-0.724759833
oct,94,-0.1214515,-0.063345833,-0.470928,-0.8201715,-0.426976667,-0.001313667,-0.720338167,0.083399667,-0.355456833,-0.571080667
nov,94,-0.0816845,0.019727667,-0.3289085,-0.600707333,-0.298335167,0.140258,-0.602411667,0.145906833,-0.228143333,-0.430163
dec,94,-0.0351325,0.155464167,-0.271720333,-0.348195333,-0.157399667,0.339962333,-0.555222333,0.298822333,-0.060109333,-0.294395833
jan,95,-0.003842167,0.188421167,-0.335752667,-0.317120167,-0.1097115,0.2349085,-0.538555667,0.371725667,0.094783,-0.214127167
feb,95,0.041827833,0.2688685,-0.4223675,-0.355046667,-0.053853333,0.195791833,-0.491328333,0.469602,0.2270065,-0.201008833
mar,95,0.063716667,0.246424,-0.493251,-0.4292155,-0.070016333,0.076917167,-0.495652667,0.6169425,0.403461667,-0.1274695
apr,95,0.054815167,0.229843333,-0.6950265,-0.560145667,-0.138591667,0.035193167,-0.581086333,0.790652167,0.3599455,-0.162759833
may,95,0.028381333,0.127683833,-0.809573167,-0.830201167,-0.242340667,-0.0595505,-0.613959,0.8771235,0.3066105,-0.264215167
jun,95,0.111273833,0.1180585,-0.743150167,-0.917824833,-0.2016095,-0.067699333,-0.4623155,0.794208,0.264520833,-0.242149
jul,95,0.180413667,0.203166,-0.5916985,-0.831158167,0.024949667,0.162999167,-0.2016705,0.890874667,0.373337833,-0.019998167
aug,95,0.250603833,0.298310833,-0.382341667,-0.511296167,0.290650667,0.562062667,0.143359667,1.177246333,0.667511667,0.390001833
sep,95,0.374659333,0.443922,-0.164458167,-0.287627333,0.6100915,0.8817145,0.466240167,1.225739167,0.801334333,0.646351333
oct,95,0.402915667,0.541470333,-0.007467667,-0.027449833,0.720279667,1.0189225,0.589308333,1.205524167,0.974474167,0.7966955
nov,95,0.4133495,0.644685333,0.074412333,0.279772333,0.9118065,1.207944,0.672014333,1.2247195,1.176808667,1.044261333
dec,95,0.4312635,0.667160167,0.028473167,0.3865895,0.928440833,1.190447667,0.558543,1.169409333,1.223575667,1.067517667
jan,96,0.425403333,0.6723215,-0.118731167,0.359707833,0.797043,1.015179333,0.317682833,1.090646,1.170403833,0.931872333
feb,96,0.3131545,0.607802833,-0.352819,0.1414635,0.621840833,0.571912167,-0.033275167,0.771257167,0.894173333,0.5235965
mar,96,0.186679667,0.541492667,-0.535487333,-0.019946833,0.411754833,0.2758625,-0.302177167,0.6674955,0.727125,0.256171833
apr,96,0.21009,0.566222167,-0.538145,-0.243012667,0.381177833,0.101987833,-0.392689667,0.562432667,0.605651833,0.044327667
may,96,0.233258333,0.402899667,-0.480186333,-0.5177615,0.278737,-0.088915333,-0.467438667,0.392807333,0.381811833,-0.223668167
jun,96,0.1655665,0.320147,-0.4495805,-0.744523167,0.207102667,-0.107641167,-0.3940785,0.515839667,0.322989333,-0.2375355
jul,96,0.099061,0.1502545,-0.403935333,-0.8621575,0.124038167,-0.1350605,-0.2988635,0.559011333,0.231914167,-0.325868833
aug,96,0.076955,0.020148667,-0.356030333,-0.884128167,0.036390833,-0.014589667,-0.200378167,0.558507,0.222446333,-0.369367167
sep,96,0.213207667,0.089181,-0.191250833,-0.7338845,0.122421333,0.224016667,-0.014143333,0.539879667,0.309050167,-0.207220333
oct,96,0.186302667,0.0644515,-0.203163,-0.5677005,0.074181167,0.356869833,0.020777833,0.556609167,0.335200667,-0.129838667
nov,96,0.104078667,0.127274,-0.349955,-0.375729333,0.0066775,0.412495167,-0.0234175,0.710345667,0.373041167,-0.12012
dec,96,0.040426333,0.116585833,-0.3963135,-0.2587525,-0.016956833,0.330360833,-0.129573333,0.6118295,0.368154,-0.231198833
jan,97,0.0519855,0.235618167,-0.4374425,-0.24343,0.0293335,0.271006,-0.262261333,0.255647,0.376379833,-0.341897833
feb,97,0.043888333,0.312062167,-0.4594855,-0.2672435,0.1049345,0.222417333,-0.339580833,0.102382833,0.3846305,-0.2907785
mar,97,-0.137902,0.257868667,-0.6387275,-0.338186167,0.005409333,0.080370167,-0.498181167,0.110042333,0.314962167,-0.3201835
apr,97,-0.145163667,0.2984315,-0.652259833,-0.386815167,0.056871667,0.077739333,-0.426491333,0.284924,0.376033833,-0.181176333
may,97,-0.146219167,0.303512167,-0.548908667,-0.421259667,0.135289333,0.1840495,-0.232672333,0.385327333,0.453677333,0.004535
jun,97,-0.085011167,0.403533667,-0.439994667,-0.3838475,0.317090333,0.398462167,-0.004072,0.425399,0.529953333,0.193669333
jul,97,-0.062484167,0.411114333,-0.273059167,-0.267503333,0.4454775,0.522655667,0.1614655,0.7198615,0.542695167,0.328723167
aug,97,0.093301167,0.5839715,-0.077360167,0.005611167,0.616436,0.772804,0.377871,1.081942167,0.576648667,0.447335
sep,97,0.190758167,0.569387167,0.060493,0.136331667,0.71135,0.8832395,0.445138,1.195838333,0.511706,0.352517833
oct,97,0.268503667,0.618286833,0.190638167,0.279154167,0.848705,0.935547667,0.5131255,1.16843,0.614022167,0.326414
nov,97,0.480225833,0.771484,0.306120333,0.438376333,1.015620167,0.974515333,0.4809175,1.182805,0.712268167,0.370313667
dec,97,0.61219,0.852860333,0.315055833,0.5497275,1.014249167,0.955909,0.332155833,1.3548845,0.711314833,0.3372545
jan,98,0.7404695,0.9393655,0.240539667,0.614189833,0.969464167,0.989511167,0.243016167,1.387572833,0.760400833,0.376233
feb,98,0.716172167,0.870913833,0.107757333,0.505420667,0.9520775,0.8634105,0.000896333,1.220671167,0.772340167,0.317621167
mar,98,0.740973167,0.963723333,0.035441833,0.473302333,0.927324833,0.8596955,-0.0471235,1.259355,0.835239833,0.412814667
apr,98,0.7435055,0.953768,-0.037203333,0.390479833,0.794081,0.778720667,-0.204833167,1.1849855,0.640923667,0.303474167
may,98,0.694901667,0.920785833,-0.068223167,0.313838333,0.696036833,0.765344333,-0.166603667,1.1445355,0.508914167,0.246295
jun,98,0.638881833,0.835965,-0.119492,0.195653833,0.619519,0.705505667,-0.105064333,1.002511667,0.420534167,0.158909667
jul,98,0.5257635,0.668277,-0.072717833,0.141460167,0.506185667,0.668355167,-0.059849333,0.878640333,0.301932,-0.04765
aug,98,0.430759667,0.493502833,-0.0499355,0.070767,0.26626,0.569831667,0.058023167,0.856564167,0.258487333,-0.186941333
sep,98,0.430958667,0.419971167,0.014768833,0.073163167,0.277068167,0.557713333,0.171043,0.799991333,0.311698667,-0.2898015
oct,98,0.3968135,0.371700667,0.061661333,0.090555667,0.316602167,0.588957,0.298376333,0.773124,0.4474115,-0.243203
nov,98,0.228417333,0.205071667,-0.0938745,-0.0865805,0.153091333,0.348277833,0.046980167,0.664406833,0.438976,-0.458579333
dec,98,0.149275833,0.156666667,-0.087928333,-0.1357615,0.096759667,0.269837,-0.0749355,0.670354833,0.504560333,-0.489849833
jan,99,0.162448,0.209677333,-0.1999175,-0.2459765,0.139125333,0.164837,-0.2001505,0.740354833,0.544829167,-0.329096667
feb,99,0.180725667,0.275819833,-0.231449833,-0.330045333,0.249645833,0.095741333,-0.290999167,0.688085333,0.511369167,-0.175579
mar,99,0.159989167,0.287954167,-0.295455167,-0.463301667,0.229966667,0.013612333,-0.400416833,0.653261,0.425899667,-0.0896005
apr,99,0.193634333,0.359613667,-0.384792167,-0.5240275,0.147210333,-0.001187,-0.5440835,0.668017333,0.323520167,-0.110588
may,99,0.303589667,0.497479333,-0.301353,-0.394525833,0.257710333,0.202718,-0.417633667,0.718723333,0.307332,0.0626915
jun,99,0.232620167,0.447162167,-0.350077,-0.368067167,0.222042,0.216603333,-0.347995667,0.803609167,0.277136667,0.147684333
jul,99,0.105630833,0.404742833,-0.3638405,-0.244518833,0.215966667,0.396495833,-0.240683833,0.928287167,0.284986167,0.122093
aug,99,0.203052167,0.447955167,-0.203921167,-0.0844285,0.329155167,0.630807333,-0.049028667,1.1341045,0.372801,0.203091333
sep,99,0.123733167,0.423932,-0.206471333,0.053216667,0.3014455,0.7335475,-0.017166667,1.26654,0.4237705,0.269168333
oct,99,0.094227833,0.371089667,-0.174231167,0.187490833,0.350545833,0.778454333,0.003704333,1.2711385,0.4250215,0.217413833
nov,99,0.107439167,0.338501833,-0.170337,0.262711333,0.342490333,0.746327,-0.030078833,1.249710167,0.477043,0.1688565
dec,99,0.197440833,0.388012667,-0.146182833,0.327973,0.393158667,0.776742667,-0.1254695,1.17762,0.512668333,0.1211755
jan,0,0.342494667,0.386399833,-0.150645167,0.292596667,0.358266167,0.636258667,-0.227620167,0.991060333,0.538367333,0.1516055
feb,0,0.2518365,0.3827995,-0.337662167,0.1638795,0.200083667,0.427717,-0.409279333,0.796109167,0.5028965,0.058070167
mar,0,0.317983333,0.3648335,-0.332423833,-0.008765667,0.182255667,0.2829875,-0.489635833,0.660878,0.517303333,0.0144125
apr,0,0.292710833,0.380120167,-0.427441667,-0.184928667,0.124655333,0.140136333,-0.498229,0.610501667,0.537496833,0.064556
may,0,0.412563667,0.473406833,-0.350314333,-0.281708167,0.165721667,0.178392667,-0.472779167,0.5840805,0.473109667,0.0835435
jun,0,0.429673,0.436562667,-0.313357333,-0.356080833,0.176553333,0.216088,-0.424055167,0.5450035,0.298373167,0.045613333
jul,0,0.427683667,0.2947885,-0.233142333,-0.411941,0.287359833,0.417970167,-0.164700333,0.690218167,0.268319333,0.166419833
aug,0,0.5722665,0.339356667,-0.010265167,-0.271826,0.496510667,0.682371833,0.055937333,0.807212667,0.205026833,0.167052
sep,0,0.563397333,0.410767,0.038552,-0.087180833,0.592783167,0.909545167,0.1943495,0.948943833,0.18812,0.129320833
oct,0,0.553132167,0.389727667,0.034967667,0.076240333,0.575921167,0.975299667,0.041006667,0.878191167,-0.016267167,-0.104532
nov,0,0.418001667,0.264329833,-0.164215167,0.100464333,0.4515215,0.728099,-0.139998667,0.676112333,-0.1998245,-0.378241667
dec,0,0.489709667,0.348270667,-0.206118333,0.163331667,0.451657667,0.559382167,-0.1999055,0.486802167,-0.125303,-0.467784667
jan,1,0.531268833,0.511980333,-0.2760645,0.144191833,0.407679167,0.269543,-0.449744167,0.231533667,-0.121647,-0.740579667
feb,1,0.4302205,0.354169167,-0.501963,-0.062534333,0.251439,-0.069140333,-0.669425333,0.0937325,-0.084924667,-0.904627333
mar,1,0.422476833,0.248189,-0.599758667,-0.354921,0.153876167,-0.435238333,-0.789074167,0.045280833,-0.078286667,-1.060928333
apr,1,0.429464333,0.184450667,-0.556396667,-0.632065,0.218127167,-0.589104,-0.620675833,0.2455885,0.082378333,-0.980242167
may,1,0.484756333,0.274687167,-0.400601,-0.687525667,0.426774333,-0.322494667,-0.290315667,0.603528,0.380451833,-0.665779833
jun,1,0.419326167,0.263413,-0.323975667,-0.830059667,0.4459715,-0.196166667,-0.037797833,0.979560333,0.503708167,-0.493292333
jul,1,0.445186333,0.253574333,-0.106556333,-0.849575667,0.4968855,-0.043102,0.124299,1.165151667,0.545267167,-0.321411333
aug,1,0.480482,0.3629445,0.094826167,-0.7285485,0.609792333,0.200903,0.3610775,1.2472545,0.608060833,-0.123654
sep,1,0.509170167,0.439535833,0.255233,-0.492995167,0.6971885,0.446279333,0.608836833,1.111761667,0.688812333,0.0585915
oct,1,0.605247167,0.586177333,0.470204333,-0.201173833,0.836002333,0.757134333,0.765008833,1.100271167,0.827877833,0.290808333
nov,1,0.5993995,0.5931075,0.540575333,-0.009102167,0.831744,0.747913833,0.7370375,1.029442833,0.900748833,0.3212905
dec,1,0.650689833,0.651371,0.598573667,0.204560833,0.897654333,0.819112833,0.654358333,0.9143245,0.959804333,0.29676
jan,2,0.649130667,0.794865333,0.509541333,0.383162833,0.9187295,0.909919167,0.6359175,0.859969667,1.063998,0.326061167
feb,2,0.591632667,0.860971167,0.373158833,0.419933333,0.880882167,0.9097825,0.476877,0.888044667,1.096025,0.3549705
mar,2,0.574181,0.8642185,0.258827167,0.355401,0.87397,0.903438333,0.289010167,0.998913833,1.058822,0.349552833
apr,2,0.545770667,0.9305775,0.143578167,0.322135833,0.840378333,0.8663055,0.217504833,0.982793833,1.030700833,0.322947
may,2,0.547908667,0.956389333,0.067078167,0.228612667,0.7573245,0.859773167,0.1617665,0.939159333,0.911593333,0.305905667
jun,2,0.65173,1.035514167,0.095802167,0.165227333,0.695580833,0.783018667,0.018501333,0.724888833,0.613371167,0.147436167
jul,2,0.611353667,0.978955167,0.0500495,0.1365715,0.539183,0.636620833,-0.112359,0.668437333,0.2837475,-0.104176
aug,2,0.636324833,0.9532795,0.110034167,0.147328,0.472998167,0.614016,-0.138802833,0.625308167,0.088118333,-0.289698167
sep,2,0.693609833,0.9928655,0.1756435,0.221638167,0.469243667,0.655138,-0.052879833,0.632494667,0.091709667,-0.2101695
oct,2,0.806213667,0.9350005,0.279118333,0.238828,0.505845333,0.655066333,0.0343245,0.6195825,0.139400833,-0.085715
nov,2,0.8388535,0.9425775,0.307451667,0.232851167,0.566010333,0.624154167,-0.002326,0.618828167,0.163397167,-0.089118167
dec,2,0.762344,0.922215833,0.251738333,0.264354833,0.6878075,0.662790333,0.040240333,0.774657833,0.361458,0.054835167
jan,3,0.836376333,0.9802265,0.300394167,0.260860167,0.893506833,0.767951667,0.1338425,0.894066333,0.680705,0.352845167
feb,3,0.859798,0.966735667,0.269814167,0.226948833,0.9332035,0.683295333,0.1195125,0.803148667,0.830739667,0.4497365
mar,3,0.888212,1.009354,0.278022167,0.1256495,0.9463665,0.646367,0.053051833,0.769671833,0.816718167,0.374939
apr,3,0.886663667,1.115107333,0.261214,0.066070667,0.9459315,0.654438167,-0.0246525,0.7681395,0.717693667,0.187817833
may,3,0.881335667,1.126401833,0.243257,0.043552833,0.899691333,0.634705167,-0.014776167,0.772012167,0.639611333,0.0701995
jun,3,0.919344667,1.237820167,0.301137,0.054715833,0.791616333,0.7246795,0.0401575,0.950683,0.656383833,0.130635
jul,3,1.040689333,1.3657235,0.4912445,0.164285833,0.749304167,0.890379167,0.042576833,1.097296333,0.551653,0.0718715
aug,3,1.0990955,1.5433,0.6268245,0.338197167,0.7875645,1.126272,0.180508833,1.3487515,0.648445833,0.262883333
sep,3,1.151348167,1.568903333,0.750394333,0.527663167,0.850068667,1.278310833,0.327413333,1.5339505,0.779022333,0.495903667
oct,3,0.9869825,1.397451667,0.704729333,0.5607905,0.8036225,1.2803475,0.405709,1.496396667,0.905305167,0.6749065
nov,3,0.931199333,1.343046167,0.714019667,0.581975,0.831640333,1.321525,0.465388167,1.423246167,1.0243875,0.818524833
dec,3,0.914534333,1.172703333,0.6466235,0.552102333,0.879823167,1.225099,0.487658667,1.264414,1.075840833,0.805132333
jan,4,0.7466305,1.020552833,0.404419333,0.448822667,0.859016667,1.032356333,0.491045833,1.118822333,1.162238667,0.851315167
feb,4,0.672637333,0.850369667,0.270904167,0.247052167,0.8131825,0.84,0.383354,0.992215667,1.090663333,0.736832333
mar,4,0.620169667,0.855573,0.167226667,0.096510833,0.7383665,0.675434167,0.2623635,0.7702425,0.990785833,0.532306667
apr,4,0.724368667,0.940024667,0.164113833,-0.007838667,0.713312667,0.610120333,0.16679,0.7735185,0.895503,0.387915
may,4,0.780367,0.91572,0.172888,-0.0434855,0.668735667,0.5970075,0.186895833,0.867851833,0.815668,0.3475225
jun,4,0.761754167,0.964451167,0.244173,0.0292205,0.629330667,0.675267333,0.2693475,1.073460667,0.8601035,0.433415
jul,4,0.816055333,1.09058,0.309388,0.056424833,0.598739333,0.739568333,0.303003333,0.946471333,0.7546195,0.269705333
aug,4,0.867683,1.223129833,0.342741833,0.261152333,0.548767167,0.810043,0.334136167,0.996894667,0.656195333,0.227091333
sep,4,0.865150667,1.157427,0.256863833,0.453304667,0.456693667,0.829831667,0.219738333,0.94009,0.460406667,0.052949833
oct,4,0.750145333,1.052652833,0.119277833,0.574966,0.342285,0.726865667,0.0706345,0.7667065,0.324130667,-0.2202385
nov,4,0.631258167,0.9854575,0.0132815,0.557224,0.254195333,0.629423,-0.057971333,0.6922065,0.2222435,-0.364568167
dec,4,0.623795833,0.9516725,-0.093164667,0.505808333,0.2726325,0.532346,-0.173756333,0.486113833,0.124582167,-0.491052
jan,5,0.581537667,0.779307167,-0.161444167,0.463550333,0.342471167,0.4449805,-0.218057333,0.6222965,0.1733995,-0.3220735
feb,5,0.527461333,0.696863833,-0.213886667,0.291205833,0.417517167,0.320790667,-0.227108833,0.580418167,0.280772833,-0.289202833
mar,5,0.479133333,0.678803,-0.1166645,0.08486,0.5259885,0.289066667,-0.118893833,0.594050833,0.440593667,-0.131459167
apr,5,0.576360833,0.775577167,0.013310333,0.0170875,0.657341667,0.401643667,0.046599,0.763101,0.589592,0.143284667
may,5,0.697075833,0.876751,0.142263667,-0.025493167,0.790700167,0.440753,0.0968715,0.732386,0.628360833,0.192990667
jun,5,0.690204833,0.841036,0.212709833,-0.042910833,0.840874,0.5798295,0.223601,0.829202,0.6783555,0.316307833
jul,5,0.683108167,0.822702667,0.313408667,-0.070921667,0.749099833,0.597195,0.2687085,0.959955333,0.723893,0.360608833
aug,5,0.602775833,0.720736667,0.345743667,-0.0664805,0.750505333,0.658535333,0.401147,0.944522,0.733670833,0.349136
sep,5,0.495881667,0.7031865,0.296243667,0.056809833,0.8070335,0.723203667,0.474765333,1.152167167,0.782461167,0.425836667
oct,5,0.413062667,0.603562833,0.225569833,0.103345667,0.824605667,0.750949167,0.466423,1.16016,0.812495,0.365716667
nov,5,0.478569333,0.574333333,0.171894167,0.256259667,0.854025,0.847784167,0.464428333,1.26882,0.9701145,0.437288333
dec,5,0.546354333,0.6463925,0.171286667,0.348354667,0.9284745,0.7428475,0.3693655,1.141950333,0.917055333,0.253809833
jan,6,0.5844725,0.751016167,0.160534,0.382602,1.05385,0.743600167,0.321086,0.953186333,0.887915667,0.142842167
feb,6,0.774626667,0.929172167,0.265044333,0.449351333,1.133575,0.768212333,0.205671333,0.850761833,0.873733,0.081815
mar,6,0.979477167,1.003926,0.34191,0.313587833,1.161885,0.651662167,0.1437735,0.603009167,0.854727667,-0.1333265
apr,6,1.061796167,1.093383,0.415195,0.162385333,1.17798,0.5446945,0.126171333,0.513238667,0.784138167,-0.216762
may,6,0.961397,1.047988833,0.4348385,-0.057087833,1.156195,0.391837833,0.129563833,0.375438833,0.630981,-0.308978833
jun,6,0.928723167,1.034874167,0.411612667,-0.173905,1.12919,0.5121645,0.258793333,0.612030167,0.683929,-0.177167
jul,6,0.872432833,1.0536375,0.368978333,-0.084281333,1.0826855,0.715390167,0.454545167,0.852675833,0.768284167,-0.087435833
aug,6,0.599321833,0.914728833,0.256564667,-0.157804833,0.954035833,0.71852,0.510067333,1.006392,0.689885667,-0.1141505
sep,6,0.516415667,0.920863833,0.283810167,-0.019930167,0.908559167,0.918293,0.591187333,1.186589667,0.743057667,0.040991
oct,6,0.5785585,0.979148833,0.354234833,0.277079333,0.933270833,1.151389667,0.6590045,1.373725167,0.8815505,0.276523333
nov,6,0.629569333,1.083543,0.3622025,0.606219167,0.985500833,1.400969167,0.713945333,1.54608,1.064319333,0.447351333
dec,6,0.665038167,1.057786667,0.354890667,0.7023375,0.963205833,1.31075,0.527780333,1.431961667,1.048790667,0.3841955
jan,7,0.726221,1.02327,0.349729333,0.618789167,0.967184333,1.101449167,0.289609167,1.325348333,0.961586,0.393711667
feb,7,0.928438667,1.010929333,0.357619167,0.543384,1.0210725,1.0236765,0.164801167,1.346275,1.029687,0.465247667
mar,7,0.962850833,0.976891,0.2340295,0.467928833,0.983592833,0.893796,0.017122,1.388765,0.948611667,0.430912667
apr,7,0.914708,0.924439333,0.183382667,0.301919333,0.935658333,0.816977667,0.036082667,1.600185,0.936175,0.472880333
may,7,0.940041333,0.952572167,0.260468667,0.1927795,0.887783167,0.763849333,0.062002,1.710571667,0.931416667,0.491837333
jun,7,0.9306835,1.006050667,0.358447167,0.2565495,0.910244833,1.043901833,0.267778,1.819356667,1.031168167,0.660659833
jul,7,0.8463825,1.016320667,0.505543667,0.317409667,0.994330833,1.234922667,0.454122,1.644195333,1.004394,0.534853333
aug,7,0.73481,0.865381833,0.534965667,0.337062167,0.959421167,1.2789855,0.5688225,1.499397,0.8966155,0.398371
sep,7,0.677231167,0.693531333,0.629944167,0.271072833,1.0894575,1.314198833,0.776501167,1.440350833,0.9663025,0.4946505
oct,7,0.6508585,0.596036667,0.655107167,0.2217055,1.147928667,1.2487055,0.82996,1.208285833,0.9505675,0.443758
nov,7,0.563580667,0.4905705,0.660299,0.122289833,1.1955255,1.147888833,0.925929,1.109010833,1.006325833,0.459967667
dec,7,0.55638,0.426016667,0.576460333,-0.047286667,1.185213833,0.837298667,0.794884333,0.957215833,0.927112,0.322811833
jan,8,0.6679395,0.3954785,0.4573745,-0.173308167,1.1340305,0.6349875,0.668325167,1.057483833,1.037919167,0.4655
feb,8,0.807917167,0.568094333,0.429834667,-0.187030833,1.213761667,0.6258015,0.6046675,1.1229855,1.174726167,0.677622833
mar,8,0.8403885,0.7001605,0.320877667,-0.210557667,1.0845855,0.557254833,0.382472667,1.068215,1.095523167,0.603171167
apr,8,0.835372333,0.726266333,0.217770167,-0.323079167,0.982336667,0.457358667,0.1746805,0.9602245,0.946979833,0.462508167
may,8,0.978886833,0.9040975,0.276449333,-0.2716205,1.034416667,0.620272,0.148765333,0.931381167,0.85891,0.400062
jun,8,0.996810333,1.018539667,0.383065833,-0.191876833,1.033228333,0.847472167,0.288532833,0.9144545,0.894123833,0.405551167
jul,8,0.903799167,1.036012833,0.3913455,-0.0851565,0.946078333,0.958493333,0.375468333,0.799993,0.710467167,0.230174833
aug,8,0.871939667,1.1129135,0.447541333,0.077329667,0.948228333,1.039936667,0.453427167,0.675942833,0.574412833,0.055095
sep,8,0.932191167,1.1810695,0.5431095,0.2948565,0.972737333,1.133038833,0.501678167,0.607546667,0.443115333,-0.222175
oct,8,0.8951105,1.1513615,0.5163245,0.45055,0.932352,1.139655333,0.503663833,0.555161333,0.446228167,-0.398501167
nov,8,0.752429333,0.934863667,0.297534167,0.389480167,0.745549833,0.861575333,0.247912833,0.406004167,0.336464667,-0.6264995
dec,8,0.680688667,0.762088167,0.146347667,0.244629,0.723297167,0.5106655,0.025994667,0.274005333,0.208078833,-0.790590833
jan,9,0.726656333,0.7067655,0.093068167,0.052747333,0.817758833,0.318192667,-0.1075,0.224542833,0.269853,-0.829246833
feb,9,0.776182333,0.627295,0.022966333,-0.187037667,0.799358833,0.079312833,-0.237692,0.096639667,0.296819167,-0.948319333
mar,9,0.775662333,0.579192833,-0.048032,-0.442145167,0.791409,-0.029273167,-0.287448333,0.015358333,0.392955333,-0.816371833
apr,9,0.844854167,0.698623,0.010753,-0.496338667,0.827183167,0.056666,-0.283767333,0.0941325,0.387620333,-0.699434667
may,9,0.857266333,0.784529833,0.025296,-0.532473,0.8202225,0.111305833,-0.2473175,0.0945805,0.290663333,-0.708748167
jun,9,0.965117,0.935417,0.120649167,-0.3582885,0.826975167,0.430715667,-0.044622167,0.359467667,0.4019925,-0.440101333
jul,9,1.138397167,1.167674667,0.3770465,-0.088019667,0.951170167,0.833511833,0.124248833,0.564091667,0.446831167,-0.3182195
aug,9,1.1234405,1.2071985,0.408116,0.143862,0.807527667,0.9921775,0.060032167,0.769683,0.3174995,-0.295276
sep,9,1.079182167,1.169300667,0.402114333,0.4104695,0.730921833,1.045152333,0.0477885,0.842408833,0.243974333,-0.306779667
oct,9,1.0778935,1.069117833,0.401609,0.513802833,0.8053635,1.065234667,0.172387,0.845408833,0.377104833,-0.085975
nov,9,1.1830375,1.097711,0.488788167,0.685381667,0.972934667,1.177317,0.232826167,0.9152385,0.535117333,0.1132275
dec,9,1.1359395,1.0391895,0.394994167,0.638025167,0.972579833,0.939627667,-0.007772333,0.644222333,0.437229,-0.114290333
jan,10,0.9730895,0.807093167,0.149940833,0.3870575,0.778923167,0.521885333,-0.1913745,0.392232833,0.4232505,-0.2735915
feb,10,0.950188833,0.771855,0.1203595,0.192378167,0.874946667,0.380303,-0.123050833,0.2615225,0.6020465,-0.267487333
mar,10,0.958425333,0.835881667,0.125984833,-0.0780465,0.900799833,0.265769,-0.138549167,0.184011667,0.6621845,-0.280231
apr,10,0.930214,0.874342333,0.089156833,-0.310879833,0.779024833,0.168797667,-0.268758833,0.1219005,0.5206095,-0.490369
may,10,0.792435667,0.7568245,0.087730333,-0.610523333,0.638496667,0.108005667,-0.269789333,0.1500815,0.4563605,-0.481937167
jun,10,0.868200333,0.853624333,0.353358167,-0.604055667,0.722629833,0.430195,0.057032,0.466209333,0.628082167,-0.091808167
jul,10,0.864705667,0.911580667,0.400616167,-0.484647167,0.7442965,0.657829,0.188698667,0.732283833,0.6218995,0.036525167
aug,10,0.928091333,0.923808,0.5379395,-0.362440833,0.761445,0.843067167,0.305321167,0.924552833,0.572512,0.046818833
sep,10,0.9810765,0.872225833,0.727036333,-0.172682833,0.906258,0.983212333,0.485986167,1.072063667,0.676040167,0.211284833
oct,10,1.080470333,0.861776,0.843219167,0.003483833,1.047763,1.021097667,0.584152833,1.055895333,0.762561667,0.334863667
nov,10,1.190358667,0.938905,0.807145667,0.206182833,1.138181167,1.015500833,0.560016667,0.95777,0.799977333,0.2050985
dec,10,1.079809,0.750384667,0.523507167,0.050037667,0.970607167,0.627988833,0.2015825,0.576158333,0.6205675,-0.334063167
jan,11,1.079217667,0.677858333,0.461786833,-0.1224355,0.955553333,0.4333655,0.068249167,0.27503,0.601373833,-0.493687
feb,11,1.005058167,0.693250833,0.332975333,-0.219106,0.986619,0.321044,-0.033313667,0.117582333,0.670285167,-0.363445
mar,11,0.9506215,0.754081333,0.148018333,-0.366175833,0.845031667,0.2057375,-0.1955915,0.047706,0.606488167,-0.423287333
apr,11,0.878727667,0.832808333,0.052502167,-0.400453667,0.7474155,0.235518833,-0.260369333,0.3054305,0.554522167,-0.417866167
may,11,0.855774833,0.875034167,0.038091833,-0.441324667,0.659363,0.259879,-0.2534375,0.447104333,0.520117167,-0.312240833
jun,11,0.755880667,0.937554,-0.065714667,-0.324346167,0.528214167,0.3363915,-0.291948333,0.536548833,0.350749833,-0.246579167
jul,11,0.5991065,1.025135333,-0.2046395,-0.138485833,0.329020667,0.5326815,-0.381034333,0.681118833,0.097685167,-0.257170833
aug,11,0.449932167,0.965549333,-0.321150667,-0.09531,0.125482,0.573443833,-0.505546667,0.724481,-0.165957333,-0.411767667
sep,11,0.384813833,0.886829833,-0.351693667,-0.000406833,0.050347667,0.589139167,-0.6194355,0.6519685,-0.366993167,-0.6140365
oct,11,0.265847833,0.729662,-0.426231333,0.038656,-0.033218667,0.490218,-0.709603833,0.421071833,-0.449919667,-0.797844667
nov,11,0.230356833,0.728158333,-0.409598667,0.154193667,-0.0235,0.507635667,-0.699869,0.417065167,-0.368236833,-0.769581167
dec,11,0.328046667,0.705477333,-0.295308333,0.1216775,0.1111435,0.5142415,-0.598024833,0.529985667,-0.150751167,-0.592446833
jan,12,0.477347667,0.6705305,-0.163319,0.0659785,0.2965735,0.365048333,-0.4865195,0.594985667,0.165915667,-0.359650667
feb,12,0.627199333,0.703482,-0.094855833,-0.010107833,0.420422167,0.306435167,-0.413251,0.619335,0.391440333,-0.177553833
mar,12,0.680597167,0.8280065,-0.0450655,-0.029043333,0.4871695,0.368213,-0.283555667,0.770288333,0.598874,0.111381667
apr,12,0.757452,0.962841,-0.00575,-0.082217167,0.508958167,0.447023167,-0.224165,0.779128833,0.671633833,0.256023167
may,12,0.693695667,0.903161833,-0.0485655,-0.233184833,0.434777167,0.358852833,-0.300620333,0.727006333,0.507854333,0.051093
jun,12,0.6152835,0.858176167,-0.078967,-0.297502,0.379856,0.3701915,-0.239797833,0.5847525,0.451479667,0.015180833
jul,12,0.461305,0.721294333,-0.133752,-0.344061167,0.308942167,0.338739833,-0.1485075,0.442118,0.320458167,-0.201808667
aug,12,0.4004855,0.736891167,-0.044311833,-0.175878,0.3289645,0.4944505,-0.095808333,0.469596667,0.148266833,-0.359013
sep,12,0.264698833,0.495811167,-0.077602167,-0.205553667,0.273939333,0.418228333,-0.092837,0.447921,0.034499833,-0.539559667
oct,12,0.148381667,0.3025895,-0.092079,-0.264638,0.252580833,0.2975365,-0.172389,0.3447795,-0.085141667,-0.712588333
nov,12,0.113749,0.2665465,-0.129985833,-0.2673925,0.2585395,0.218929,-0.225378167,0.2754015,-0.084028833,-0.654824833
dec,12,0.157215,0.28793,-0.140767167,-0.278075333,0.297492833,0.0875365,-0.334050167,0.283462333,-0.104052,-0.727461
jan,13,0.311139833,0.3926075,-0.1191005,-0.2937205,0.388138,0.051031167,-0.462759833,0.353462333,-0.043729333,-0.649235
feb,13,0.383127167,0.361977833,-0.201623667,-0.486850333,0.413401,-0.146947667,-0.497489,0.2741055,0.101937,-0.611078333
mar,13,0.554075167,0.5144025,-0.188440833,-0.6144325,0.482243333,-0.2198115,-0.4929335,0.219060833,0.205650333,-0.642037
apr,13,0.699170167,0.622791333,-0.194853,-0.782459333,0.4963795,-0.277675333,-0.464214833,0.205869,0.290569667,-0.717842167
may,13,0.7832115,0.627597833,-0.216784833,-0.9720705,0.486711167,-0.3268635,-0.4707955,0.123042833,0.275370667,-0.8284005
jun,13,0.784967833,0.703658667,-0.140447833,-0.912054333,0.515146667,-0.061916,-0.3386235,0.118204167,0.218671667,-0.831764333
jul,13,0.696580667,0.661131833,-0.049964,-0.8476995,0.523533667,0.2927075,0.0083665,0.414710333,0.402435333,-0.562087
aug,13,0.572442833,0.670041167,-0.053785,-0.635214833,0.518431833,0.541008,0.147396833,0.731648,0.5083815,-0.399867333
sep,13,0.432939167,0.552338667,-0.131745667,-0.490854833,0.442200667,0.662871833,0.190230167,0.805137167,0.489168167,-0.310742
oct,13,0.445747333,0.557283167,-0.063344167,-0.1631505,0.540430167,0.8912195,0.4415115,0.976716,0.7071515,0.098826333
nov,13,0.440983833,0.548698833,-0.014023333,0.111460667,0.620154167,1.029241,0.587092167,1.1439865,0.871072667,0.2801625
dec,13,0.443743667,0.484519667,-0.059016167,0.149132667,0.609299333,0.884454833,0.552715833,1.3119965,1.065674333,0.370461833
jan,14,0.489281333,0.499734667,-0.166704333,-0.0188235,0.539299333,0.569723833,0.1923925,1.066673167,0.879813833,0.154709333
feb,14,0.572824,0.485944333,-0.218419,-0.328749167,0.448389167,0.326721,0.000147833,0.808604667,0.773093833,0.023085
mar,14,0.658779333,0.6039695,-0.192071333,-0.4083245,0.454566667,0.296201167,-0.148061833,0.7842015,0.757092167,0.024389667
apr,14,0.582693333,0.636025,-0.2491395,-0.512084333,0.352726167,0.220964667,-0.383621,0.843788833,0.543942167,-0.1980115
may,14,0.6132095,0.70219,-0.133836667,-0.472717,0.350744,0.354609667,-0.445545667,0.940496667,0.440773833,-0.156284
jun,14,0.819060167,0.894147,0.167711667,-0.326500667,0.567932167,0.7015625,-0.238114333,1.119598333,0.4499505,0.156082833
jul,14,1.014974167,1.162318333,0.433142167,-0.0298885,0.7958895,1.0484435,0.058820667,1.417178333,0.568982667,0.456620333
aug,14,1.024012167,1.1482055,0.665717,0.163854333,0.995939333,1.203005667,0.317194,1.5190635,0.654950333,0.409105
sep,14,1.104446333,1.180679833,0.9019805,0.298040833,1.202706833,1.385914333,0.542903667,1.598911167,0.7634515,0.536689333
oct,14,1.138274333,1.188731833,0.967973333,0.402875833,1.307343,1.476796,0.6271725,1.585936833,0.9264415,0.669682167
nov,14,1.119036,1.241344667,0.867059333,0.470397333,1.339714,1.467096,0.653819333,1.533895167,1.089221,0.697621333
dec,14,0.877056333,1.087452167,0.4999195,0.4052025,1.083009667,1.152992667,0.34913,1.342160167,1.010259833,0.411867333
jan,15,0.6427015,0.838635667,0.202231,0.280471333,0.829837333,0.863262167,0.030152,1.123021833,0.9437545,0.163803
feb,15,0.5500325,0.813105667,-0.065165167,0.188455167,0.581275667,0.690426167,-0.255185667,1.021077,0.870108333,0.207985
mar,15,0.418738,0.7203625,-0.3728265,0.013999833,0.338916667,0.4604745,-0.465142667,0.858756167,0.741607167,0.085185667
apr,15,0.368243333,0.6993105,-0.523819333,-0.1615575,0.1847805,0.363648333,-0.551856,0.778008833,0.6059505,0.020915167
may,15,0.2579655,0.543955667,-0.685594333,-0.429347833,-0.047483,0.129585,-0.6708685,0.6327925,0.3912355,-0.106593833
jun,15,0.1057235,0.385070333,-0.8374545,-0.6937635,-0.2506675,-0.0512555,-0.7360125,0.559415833,0.2356405,-0.202728167
jul,15,0.013035333,0.298027333,-0.881056667,-0.7605915,-0.351850333,-0.105717833,-0.764507,0.496028,0.055533,-0.3510615
aug,15,-0.082145167,0.254793833,-0.932101333,-0.699596833,-0.4805465,-0.073258167,-0.835191,0.459317167,-0.118939,-0.4627175
sep,15,-0.1121845,0.216815333,-0.880606667,-0.551474833,-0.537743667,-0.066084333,-0.849456167,0.460415667,-0.230715,-0.4652515
oct,15,-0.0779265,0.235501833,-0.784936333,-0.355164667,-0.442908667,-0.005010833,-0.770861167,0.432292,-0.199575167,-0.380067
nov,15,-0.002871,0.300078833,-0.673939167,-0.1545965,-0.237811833,0.209552,-0.593293,0.571008333,-0.0126935,-0.2085025
dec,15,0.137811833,0.426867333,-0.556165,-0.041417333,-0.024681,0.417811833,-0.450676,0.700943333,0.179998333,-0.042583167
jan,16,0.248618167,0.481276,-0.577240167,0.038959,0.0911255,0.501575333,-0.370192167,0.8358895,0.3688155,0.111502833
feb,16,0.423466167,0.6054455,-0.542927833,0.131498833,0.299117667,0.629474833,-0.240805333,0.976301833,0.597517667,0.343277833
mar,16,0.515817333,0.7264355,-0.5857665,0.116387667,0.397121333,0.694344,-0.179335833,1.1038055,0.781551667,0.410865667
apr,16,0.508726,0.719415667,-0.6807145,-0.0120335,0.309453,0.575437167,-0.273319667,1.092429167,0.706634,0.213903333
may,16,0.478939333,0.692526833,-0.7042915,-0.126795167,0.262528333,0.520659333,-0.3118555,1.089035833,0.598300667,0.1333065
jun,16,0.733534833,0.756071667,-0.402120667,0.050192333,0.483341333,0.74151,-0.095305833,1.3222125,0.663386667,0.2607755
jul,16,0.777298333,0.8473625,-0.257013167,0.052289167,0.523771333,0.789682,-0.017779,1.221029167,0.516128667,0.035077167
aug,16,0.701643833,0.784805833,-0.135250167,0.067706333,0.540725333,0.802373833,0.040845333,1.178680833,0.483663,-0.167772333
sep,16,0.7391815,0.824594167,0.031477333,0.257484167,0.656888333,0.9383375,0.136375833,1.234955,0.513406667,-0.236638
oct,16,0.881379833,0.934355333,0.228253333,0.502356333,0.8713305,1.134125333,0.2465425,1.290955,0.6384855,-0.067686333
nov,16,1.013277667,1.064800333,0.345163667,0.708785167,0.984033,1.1778475,0.296467167,1.234737833,0.7364855,-0.024534
dec,16,0.833628333,1.079104833,0.133638,0.6641095,0.847306,0.968287167,0.082121833,0.903497167,0.608872667,-0.249261
jan,17,0.831907833,1.133244833,0.139551833,0.718034167,0.8778975,0.922427,0.065078833,0.901023833,0.776453333,-0.024638
feb,17,0.989145333,1.252068333,0.165890167,0.729380167,0.905814167,0.915387833,0.082454167,0.9008605,0.847010667,0.139223333
mar,17,0.956607667,1.238891667,0.088194833,0.524763667,0.887178,0.821037167,0.0546655,0.8693175,0.832966,0.188680333
apr,17,0.816798167,1.159686167,-0.0103035,0.279835833,0.8059025,0.726582667,0.091887667,1.0027625,0.814165,0.157173167
may,17,0.790653,1.172306167,0.043969,0.158407,0.847178,0.829688833,0.1729845,1.147958,0.809820833,0.234128333
jun,17,0.873857333,1.2582795,0.179660833,0.174693667,0.873516667,0.9555275,0.264330333,1.280587,0.894044833,0.380744833
jul,17,0.883964833,1.251342833,0.339607167,0.227650667,0.8958285,1.020366167,0.2847605,1.372468667,0.828507167,0.3392395
aug,17,0.848394,1.294347833,0.417032333,0.324476667,0.917481667,1.054179667,0.278191667,1.287740167,0.635691833,0.164948167
sep,17,0.8693205,1.292912833,0.463061,0.4734265,0.835840167,1.060642,0.262647,1.1616165,0.488569833,0.001546667
oct,17,0.883377833,1.24142,0.435161333,0.604752667,0.757976333,1.007893,0.1732205,0.982311333,0.415381667,-0.142
nov,17,0.802245167,1.093132833,0.285,0.633458667,0.6409785,0.7908425,0.030734833,0.926949667,0.422225833,-0.317844
dec,17,0.682481667,0.916138167,0.143931833,0.540720333,0.581790333,0.533068333,-0.0755035,0.779912,0.446873,-0.454138